game_name,agent_name,episode,turn,action,reasoning,generation_time,opponent,timestamp,run_id,seed,agent_type,agent_model,board_state,status,reward,reasoning_type
tic_tac_toe,llm_openrouter_openai_gpt_4o_mini,1,0,0,"{
  ""reasoning"": ""In the initial state of the game, I have the opportunity to choose any of the available cells (0-8). A common strategy in tic-tac-toe is to take the center position if available, as ...",0.0,random_None,2025-09-07T13:46:02.306315,20250907_124549,42,llm,openrouter_openai/gpt-4o-mini,"...
...
...",terminated,1.0,Rule-Based
tic_tac_toe,llm_openrouter_openai_gpt_4o_mini,1,2,3,"Currently, I have placed 'x' in the top left corner (cell 1), and my opponent has placed 'o' in the top middle (cell 2). To maximize my chances of winning, I should aim to create a line of three 'x's while also blocking my opponent from doing the same. The available actions are cells 3, 4, 5, 6, 7, and 8. Placing 'x' in cell 3 (top right) would create a potential winning line in the next move if I can place 'x' in cell 5 or 6 next. Additionally, it prevents my opponent from creating a winning line in the next turn. Therefore, the best action is to place 'x' in cell 3.",0.0,random_None,2025-09-07T13:46:07.130860,20250907_124549,42,llm,openrouter_openai/gpt-4o-mini,"x.o
...
...",terminated,1.0,Positional
tic_tac_toe,llm_openrouter_openai_gpt_4o_mini,1,4,7,"Currently, the board state is as follows:\n\n```\n x | o | o \n---|---|---\n x | . | . \n---|---|---\n . | . | . \n```\n\nAs 'x', I have two 'x's in the first column, and I can win by placing an 'x' in cell 7 (the bottom left corner). This will give me three 'x's in a vertical line. Therefore, the best action is to choose cell 7 to secure the win.",0.0,random_None,2025-09-07T13:46:09.861096,20250907_124549,42,llm,openrouter_openai/gpt-4o-mini,"xoo
x..
...",terminated,1.0,Positional
tic_tac_toe,llm_openrouter_openai_gpt_4o_mini,1,6,4,"In the current board state, I have two 'x's in the first column (positions 0 and 3), and I can win by placing an 'x' in position 6 (index 4). This will give me three 'x's in a vertical line. The other available actions (5 and 8) do not lead to an immediate win and could allow my opponent to block me in the next turn. Therefore, the best action is to place 'x' in position 4 to secure the win.",0.0,random_None,2025-09-07T13:46:12.094446,20250907_124549,42,llm,openrouter_openai/gpt-4o-mini,"xoo
x..
ox.",terminated,1.0,Blocking
tic_tac_toe,llm_openrouter_openai_gpt_4o_mini,1,8,8,"In the current board state, I have the following configuration:\n\n```\n x | o | o \n---|---|---\n x | x | o \n---|---|---\n o | x | . \n```\n\nI am 'x' and it's my turn to play. The available action is to place 'x' in the last empty cell, which is index 8 (the bottom right corner). By placing 'x' there, I will complete a vertical line in the second column, resulting in a win for me. Therefore, the best action is to choose index 8 to secure the victory.",0.0,random_None,2025-09-07T13:46:20.002617,20250907_124549,42,llm,openrouter_openai/gpt-4o-mini,"xoo
xxo
ox.",terminated,1.0,Positional
tic_tac_toe,llm_openrouter_openai_gpt_4o_mini,2,0,4,"As it's the first move of the game, I want to maximize my chances of winning. The best strategy in tic-tac-toe is to take the center position if it's available, as it gives the most opportunities to create winning combinations. The center cell is index 4, which is available in this case.",0.0,random_None,2025-09-07T13:46:21.730408,20250907_124549,43,llm,openrouter_openai/gpt-4o-mini,"...
...
...",terminated,1.0,Rule-Based
tic_tac_toe,llm_openrouter_openai_gpt_4o_mini,2,2,0,"The current board state shows that 'o' has taken the center position (index 4) and the top row is empty. As 'x', I want to maximize my chances of winning while minimizing 'o's opportunities. The best move is to take one of the corners, as this can lead to multiple winning paths. The available corner positions are 0 (top-left), 2 (top-right), 6 (bottom-left), and 8 (bottom-right). Taking position 0 (top-left) is a strong choice as it allows me to create a potential winning line in the top row or the left column in future moves.",0.0,random_None,2025-09-07T13:46:24.421082,20250907_124549,43,llm,openrouter_openai/gpt-4o-mini,"...
ox.
...",terminated,1.0,Positional
tic_tac_toe,llm_openrouter_openai_gpt_4o_mini,2,4,5,"Currently, the board state is:\n\nx . o\no x .\n. . .\n\nAs 'x', I want to either win the game or block my opponent from winning. The available actions are [1, 5, 6, 7, 8]. \n\n- Action 1 (top middle) would place 'x' in the second column of the first row, which does not create a winning opportunity for me or block my opponent.\n- Action 5 (middle middle) would place 'x' in the center, which is a strong move as it allows me to potentially create multiple winning paths in future moves.\n- Action 6 (middle right) would not create a winning opportunity and does not block my opponent.\n- Action 7 (bottom left) does not create a winning opportunity and does not block my opponent.\n- Action 8 (bottom middle) does not create a winning opportunity and does not block my opponent.\n\nChoosing action 5 is the best move as it strengthens my position and opens up more opportunities for winning in the next turns.",0.0,random_None,2025-09-07T13:46:29.509034,20250907_124549,43,llm,openrouter_openai/gpt-4o-mini,"x.o
ox.
...",terminated,1.0,Blocking
tic_tac_toe,llm_openrouter_openai_gpt_4o_mini,2,6,6,"In the current board state, I have two 'x's in the second row and one 'x' in the first row. The available actions are to place 'x' in cells 6, 7, or 8. If I place 'x' in cell 6, I will have three 'x's in the second row, winning the game. Therefore, the best action is to place 'x' in cell 6.",0.0,random_None,2025-09-07T13:46:31.722112,20250907_124549,43,llm,openrouter_openai/gpt-4o-mini,"xoo
oxx
...",terminated,1.0,Uncategorized
tic_tac_toe,llm_openrouter_openai_gpt_4o_mini,2,8,8,"In the current board state, I have the following configuration:\n\n```\n x | o | o \n---|---|---\n o | x | x \n---|---|---\n x | o | . \n```\n\nI am 'x' and it's my turn to play. The available action is to place 'x' in cell index 8, which corresponds to the bottom right corner of the board. By placing 'x' there, the board will look like this:\n\n```\n x | o | o \n---|---|---\n o | x | x \n---|---|---\n x | o | x \n```\n\nThis move will give me three 'x's in the left column (indices 0, 3, and 6), resulting in a win. Therefore, the best action is to place 'x' in cell index 8.",0.0,random_None,2025-09-07T13:46:34.681706,20250907_124549,43,llm,openrouter_openai/gpt-4o-mini,"xoo
oxx
xo.",terminated,1.0,Positional
tic_tac_toe,llm_openrouter_openai_gpt_4o_mini,3,0,4,"In tic-tac-toe, the first move is crucial as it sets the tone for the game. The best strategy is to take the center position if available, as it provides the most opportunities to create winning combinations. Since the board is currently empty, I will choose the center cell (index 4) as my first move.",0.0,random_None,2025-09-07T13:46:36.618770,20250907_124549,44,llm,openrouter_openai/gpt-4o-mini,"...
...
...",terminated,1.0,Rule-Based
tic_tac_toe,llm_openrouter_openai_gpt_4o_mini,3,2,0,"Currently, the board state shows that I (X) have placed my mark in the center (index 4), and my opponent (O) has placed theirs in the bottom center (index 7). The available actions are [0, 1, 2, 3, 5, 6, 8]. To maximize my chances of winning, I should aim to create a line of three X's while also blocking my opponent from doing the same. The best move is to place my X in index 0, which allows me to start forming a line in the top row and also prevents O from potentially creating a winning line in the next moves. This move also keeps my options open for future turns.",0.0,random_None,2025-09-07T13:46:39.385545,20250907_124549,44,llm,openrouter_openai/gpt-4o-mini,"...
.x.
.o.",terminated,1.0,Blocking
tic_tac_toe,llm_openrouter_openai_gpt_4o_mini,3,4,2,"In the current board state, I have 'x' in positions 0 and 1, and 'o' in position 4. The available actions are 2, 3, 5, 6, and 8. I need to consider both my strategy to win and to block my opponent. If I place 'x' in position 2, I will have two 'x's in a row (0 and 1), and I can win on my next turn if I get position 3. Additionally, placing 'x' in position 2 does not allow 'o' to win in the next turn since 'o' cannot complete a row or column with the current available positions. Therefore, the best action is to place 'x' in position 2.",0.0,random_None,2025-09-07T13:46:42.088151,20250907_124549,44,llm,openrouter_openai/gpt-4o-mini,"xo.
.x.
.o.",terminated,1.0,Blocking
tic_tac_toe,llm_openrouter_openai_gpt_4o_mini,3,6,5,"In the current board state, I have the opportunity to win the game by placing 'x' in cell index 5. This will create a vertical line of 'x's in the middle column (indices 1, 4, and 7). Winning is the primary objective, so I should take this action.",0.0,random_None,2025-09-07T13:46:43.802801,20250907_124549,44,llm,openrouter_openai/gpt-4o-mini,"xox
ox.
.o.",terminated,1.0,Winning Logic
tic_tac_toe,llm_openrouter_openai_gpt_4o_mini,3,8,8,"In the current board state, I have the following configuration:\n\n```\n x | o | x \n---|---|---\n o | x | x \n---|---|---\n o | . | . \n```\n\nI am 'x' and it's my turn to play. The available action is to place 'x' in cell index 8, which corresponds to the bottom right corner of the board. By placing 'x' in this position, I will create a vertical line of 'x's in the second column (positions 1, 4, and 7), which means I will win the game. Therefore, the best action is to place 'x' in cell index 8.",0.0,random_None,2025-09-07T13:46:46.994531,20250907_124549,44,llm,openrouter_openai/gpt-4o-mini,"xox
oxx
oo.",terminated,1.0,Positional
tic_tac_toe,llm_openrouter_openai_gpt_4o_mini,4,0,4,"As it's the first move of the game, I want to maximize my chances of winning. The best strategy in tic-tac-toe is to take the center position if it's available, as it provides the most opportunities to create winning combinations. The center position corresponds to index 4. Therefore, I will choose action 4.",0.0,random_None,2025-09-07T13:46:48.890591,20250907_124549,45,llm,openrouter_openai/gpt-4o-mini,"...
...
...",terminated,1.0,Rule-Based
tic_tac_toe,llm_openrouter_openai_gpt_4o_mini,4,2,0,"Currently, the board state shows that 'o' has taken the center cell (index 4) and the top row is empty. As 'x', I want to maximize my chances of winning while minimizing 'o's opportunities. The best move is to take one of the corners, as this can create multiple winning paths. I will choose index 0 (top-left corner) to create a potential winning line across the top row and down the left column.",0.0,random_None,2025-09-07T13:46:51.280411,20250907_124549,45,llm,openrouter_openai/gpt-4o-mini,"...
ox.
...",terminated,1.0,Positional
tic_tac_toe,llm_openrouter_openai_gpt_4o_mini,4,4,5,"In the current board state, I have 'x' in positions 0 and 1, and 'o' is in position 2. The opponent has 'o' in position 4, which means they are one move away from potentially winning if they get another 'o' in position 5. To block them, I should place my 'x' in position 5. This will prevent the opponent from winning in their next turn and also keep my chances of winning open.",0.0,random_None,2025-09-07T13:46:53.443570,20250907_124549,45,llm,openrouter_openai/gpt-4o-mini,"x.o
ox.
...",terminated,1.0,Blocking
tic_tac_toe,llm_openrouter_openai_gpt_4o_mini,4,6,6,"In the current board state, I have two 'x's in the second row, which means I can win by placing an 'x' in cell 6. This will complete the row with three 'x's and secure my victory. The other available actions (7 and 8) do not lead to an immediate win, so the best move is to take cell 6.",0.0,random_None,2025-09-07T13:46:55.161140,20250907_124549,45,llm,openrouter_openai/gpt-4o-mini,"xoo
oxx
...",terminated,1.0,Winning Logic
tic_tac_toe,llm_openrouter_openai_gpt_4o_mini,4,8,8,"In the current board state, I have the following configuration:\n\n```\n x | o | o \n---|---|---\n o | x | x \n---|---|---\n x | o | . \n```\n\nI am 'x' and it's my turn to play. The available action is to place 'x' in cell index 8, which corresponds to the bottom right corner of the board. By placing 'x' there, I will complete a vertical line in the first column (x in positions 0, 3, and 6), which means I will win the game. Therefore, the best action to take is to place 'x' in cell index 8.",0.0,random_None,2025-09-07T13:46:58.188368,20250907_124549,45,llm,openrouter_openai/gpt-4o-mini,"xoo
oxx
xo.",terminated,1.0,Positional
tic_tac_toe,llm_openrouter_openai_gpt_4o_mini,5,0,4,"In tic-tac-toe, the goal is to create a line of three of your symbols (X) either horizontally, vertically, or diagonally. Since this is the first move, I want to take a strategic position that maximizes my chances of winning. The center position (index 4) is the most advantageous because it allows for the most potential winning combinations (four: one vertical, one horizontal, and two diagonals). Therefore, I will choose to place my 'X' in the center.",0.0,random_None,2025-09-07T13:47:00.257060,20250907_124549,46,llm,openrouter_openai/gpt-4o-mini,"...
...
...",terminated,-1.0,Heuristic
tic_tac_toe,llm_openrouter_openai_gpt_4o_mini,5,2,0,"Currently, I am playing as 'x' and the board state shows that 'o' has taken the center position (1,1) and I have taken the middle left position (1,0). The available actions are [0, 1, 2, 3, 5, 6, 8]. To maximize my chances of winning, I should aim to either create a line of three 'x's or block 'o' from winning. The best move is to take position 0 (top left), which allows me to create a potential winning line in the next turn if I can get another 'x' in position 2 (top right) or position 3 (middle left). This also prevents 'o' from easily creating a winning line in the next moves. Therefore, I choose action 0.",0.0,random_None,2025-09-07T13:47:03.729097,20250907_124549,46,llm,openrouter_openai/gpt-4o-mini,"...
.x.
.o.",terminated,-1.0,Blocking
tic_tac_toe,llm_openrouter_openai_gpt_4o_mini,5,4,1,"{
  ""reasoning"": ""Currently, the board state is:\n\nx | o | .  \n---|---|---\n. | x | .  \n---|---|---\n o | . | .  \n\nAs 'x', I need to consider both my winning opportunities and blocking my opponen...",0.0,random_None,2025-09-07T13:47:07.363603,20250907_124549,46,llm,openrouter_openai/gpt-4o-mini,"x.o
.x.
.o.",terminated,-1.0,Blocking
tic_tac_toe,llm_openrouter_openai_gpt_4o_mini,5,6,3,"In the current board state, I have two 'x's in the first row and I can win by placing an 'x' in cell index 3 (the top left corner). This will create a winning line of three 'x's in the first row. The other available actions (5 and 6) do not lead to an immediate win and could allow my opponent to win in the next turn. Therefore, the best action is to place 'x' in cell index 3.",0.0,random_None,2025-09-07T13:47:09.688030,20250907_124549,46,llm,openrouter_openai/gpt-4o-mini,"xxo
.x.
.oo",terminated,-1.0,Positional
tic_tac_toe,llm_openrouter_openai_gpt_4o_mini,6,0,4,"In tic-tac-toe, the goal is to create a line of three of your marks (X) while preventing your opponent (O) from doing the same. Since this is the first move, I want to take a strategic position that maximizes my chances of winning. The center position (index 4) is the most advantageous because it allows for the most potential winning combinations (four lines: horizontal, vertical, and two diagonals). Therefore, I will choose action 4.",0.0,random_None,2025-09-07T13:47:11.999862,20250907_124549,47,llm,openrouter_openai/gpt-4o-mini,"...
...
...",terminated,1.0,Opponent Modeling
tic_tac_toe,llm_openrouter_openai_gpt_4o_mini,6,2,3,"Currently, the board state shows that 'o' has taken the top-left corner (cell 1), and I (as 'x') have taken the middle cell (cell 5). The available actions are cells 1, 2, 3, 5, 6, 7, and 8. Since cell 1 is already occupied by 'o', I cannot choose that. The best strategy is to block 'o' from potentially winning in the next move. 'o' could win by placing another 'o' in cell 3 (top-right corner) on their next turn if I do not block it. Therefore, I should choose cell 3 to prevent 'o' from winning and to create a potential opportunity for myself to win in future moves.",0.0,random_None,2025-09-07T13:47:14.758273,20250907_124549,47,llm,openrouter_openai/gpt-4o-mini,"o..
.x.
...",terminated,1.0,Blocking
tic_tac_toe,llm_openrouter_openai_gpt_4o_mini,6,4,1,"Currently, the board state shows that I (X) have two X's in the second row, and I need to block O from potentially winning. O has a chance to win by placing an O in cell 1 (top left corner) on their next turn. Therefore, I should place my X in cell 1 to block O from winning and also to create a potential opportunity for myself to win in the next moves.",0.0,random_None,2025-09-07T13:47:16.754263,20250907_124549,47,llm,openrouter_openai/gpt-4o-mini,"o.o
xx.
...",terminated,1.0,Positional
tic_tac_toe,llm_openrouter_openai_gpt_4o_mini,6,6,5,"In the current board state, I have the opportunity to win the game by placing 'x' in cell index 5. This will create a vertical line of 'x's in the second column (cells 1, 4, and 7), which will result in a win. The other available actions (6 and 7) do not lead to an immediate win and would allow the opponent to potentially block or win in their next turn. Therefore, the best action is to choose cell index 5.",0.0,random_None,2025-09-07T13:47:18.288544,20250907_124549,47,llm,openrouter_openai/gpt-4o-mini,"oxo
xx.
..o",terminated,1.0,Blocking
tic_tac_toe,llm_openrouter_openai_gpt_4o_mini,7,0,4,"In the initial state of the game, there are no moves made yet, and I have the opportunity to choose any of the available cells (0-8). A common strategy in tic-tac-toe is to take the center position if available, as it provides the most opportunities for creating winning combinations. The center cell is index 4. Therefore, I will choose action 4.",0.0,random_None,2025-09-07T13:47:19.923932,20250907_124549,48,llm,openrouter_openai/gpt-4o-mini,"...
...
...",terminated,1.0,Rule-Based
tic_tac_toe,llm_openrouter_openai_gpt_4o_mini,7,2,0,"Currently, the board state shows that I (X) have placed my mark in the center (index 4), and my opponent (O) has placed theirs in the top middle (index 1). The available actions are [0, 1, 2, 3, 5, 7, 8]. I need to consider both offense and defense. My opponent is one move away from winning if they place an O in the top left (index 0) or the top right (index 2). Therefore, I should block their potential win by placing my X in one of those positions. Choosing index 0 will block O's winning move and also set me up for potential future wins. Thus, I will choose action 0.",0.0,random_None,2025-09-07T13:47:22.846699,20250907_124549,48,llm,openrouter_openai/gpt-4o-mini,"...
.x.
o..",terminated,1.0,Winning Logic
tic_tac_toe,llm_openrouter_openai_gpt_4o_mini,7,4,1,"{
  ""reasoning"": ""Currently, the board state is as follows:\n\n```\n x |   |   \n---|---|---\n o | x |   \n---|---|---\n o |   |   \n```\n\nAs 'x', I need to consider both offensive and defensive stra...",0.0,random_None,2025-09-07T13:47:27.409038,20250907_124549,48,llm,openrouter_openai/gpt-4o-mini,"x..
ox.
o..",terminated,1.0,Uncategorized
tic_tac_toe,llm_openrouter_openai_gpt_4o_mini,7,6,2,"In the current board state, I have two 'x's in the first row and can win by placing an 'x' in cell index 2. This will create a winning line in the first row (xx). Therefore, the best action is to take cell index 2 to secure the win.",0.0,random_None,2025-09-07T13:47:28.939891,20250907_124549,48,llm,openrouter_openai/gpt-4o-mini,"xx.
oxo
o..",terminated,1.0,Winning Logic
tic_tac_toe,llm_openrouter_openai_gpt_4o_mini,8,0,4,"In the initial state of the game, I have the opportunity to choose any of the available cells (0-8). A common strategy in tic-tac-toe is to take the center position if available, as it provides the most opportunities to create winning combinations. The center cell is index 4. If the center is not available, I would choose a corner cell (0, 2, 6, or 8) next, as they also provide good opportunities for winning. Since the center cell is available, I will choose it.",0.0,random_None,2025-09-07T13:47:31.696287,20250907_124549,49,llm,openrouter_openai/gpt-4o-mini,"...
...
...",terminated,1.0,Positional
tic_tac_toe,llm_openrouter_openai_gpt_4o_mini,8,2,0,"Currently, the board state shows that 'o' has taken the center cell (index 4) and 'x' has taken the top middle cell (index 1). The available actions are [0, 1, 2, 5, 6, 7, 8]. To maximize my chances of winning, I should aim to either create a line of 'x's or block 'o' from winning. The best move is to take cell index 0, which is the top left corner. This move allows me to create a potential winning line in the next turn if I can get another 'x' in either index 2 or 3 in subsequent moves.",0.0,random_None,2025-09-07T13:47:34.302120,20250907_124549,49,llm,openrouter_openai/gpt-4o-mini,"...
ox.
...",terminated,1.0,Positional
tic_tac_toe,llm_openrouter_openai_gpt_4o_mini,8,4,1,"{
  ""reasoning"": ""Currently, the board state is as follows:\n\n```\n x . .\n o x o\n . . .\n```\n\nAs 'x', I need to consider both offensive and defensive strategies. The available actions are [1, 2, ...",0.0,random_None,2025-09-07T13:47:38.247641,20250907_124549,49,llm,openrouter_openai/gpt-4o-mini,"x..
oxo
...",terminated,1.0,Uncategorized
tic_tac_toe,llm_openrouter_openai_gpt_4o_mini,8,6,6,"{
  ""reasoning"": ""Currently, the board state is as follows:\n\n```\nxxo\noxo\n...\n```\n\nAs 'x', I have two 'x's in the first row and one 'x' in the second row. The available actions are to place 'x'...",0.0,random_None,2025-09-07T13:47:43.549142,20250907_124549,49,llm,openrouter_openai/gpt-4o-mini,"xxo
oxo
...",terminated,1.0,Uncategorized
tic_tac_toe,llm_openrouter_openai_gpt_4o_mini,8,8,8,"In the current board state, I have the following configuration:\n\n```\nxxo\noxo\nxo.\n```\n\nI am playing as 'x' and it's my turn (move number 8). The available action is to place 'x' in cell index 8 (the bottom right corner). If I place 'x' there, the board will look like this:\n\n```\nxxo\noxo\nxox\n```\n\nThis results in a win for me, as I will have three 'x's in the last column. Therefore, the best action is to place 'x' in cell index 8 to secure the victory.",0.0,random_None,2025-09-07T13:47:45.664724,20250907_124549,49,llm,openrouter_openai/gpt-4o-mini,"xxo
oxo
xo.",terminated,1.0,Positional
tic_tac_toe,llm_openrouter_openai_gpt_4o_mini,9,0,4,"In tic-tac-toe, the first move is crucial as it sets the tone for the game. The best strategy is to take the center position if available, as it provides the most opportunities for creating winning combinations. Since the board is currently empty, the center cell (index 4) is the optimal choice.",0.0,random_None,2025-09-07T13:47:47.577724,20250907_124549,50,llm,openrouter_openai/gpt-4o-mini,"...
...
...",terminated,1.0,Rule-Based
tic_tac_toe,llm_openrouter_openai_gpt_4o_mini,9,2,6,"Currently, I have 'x' in the center (index 4) and 'o' in the bottom center (index 7). My goal is to create a winning line while preventing my opponent from doing the same. The available actions are [0, 1, 2, 3, 5, 6, 8]. Placing 'x' in index 0 (top left) or index 2 (top right) would not create an immediate threat, but placing 'x' in index 6 (bottom left) would block 'o' from potentially winning in the next move by creating a vertical line. Therefore, the best action is to place 'x' in index 6 to block 'o' and maintain a strategic position.",0.0,random_None,2025-09-07T13:47:51.568008,20250907_124549,50,llm,openrouter_openai/gpt-4o-mini,"...
.x.
.o.",terminated,1.0,Blocking
tic_tac_toe,llm_openrouter_openai_gpt_4o_mini,9,4,3,"In the current board state, I have 'x' in positions 4 and 5, while 'o' has a position in 1 and 3. The available actions are 1, 2, 3, 5, and 8. I need to block 'o' from winning in the next turn. If I do not take action in position 3, 'o' can win by placing 'o' there in the next move. Therefore, I should choose action 3 to block 'o' and prevent them from winning.",0.0,random_None,2025-09-07T13:47:54.063918,20250907_124549,50,llm,openrouter_openai/gpt-4o-mini,"o..
.x.
xo.",terminated,1.0,Blocking
tic_tac_toe,llm_openrouter_openai_gpt_4o_mini,9,6,1,"In the current board state, I have two 'x's in the second row and one 'x' in the first column. The available actions are to place an 'x' in cell 1, 2, or 8. If I place an 'x' in cell 1, I will have three 'x's in the first column, winning the game. Therefore, the best action is to choose cell 1.",0.0,random_None,2025-09-07T13:47:56.356451,20250907_124549,50,llm,openrouter_openai/gpt-4o-mini,"o..
xxo
xo.",terminated,1.0,Uncategorized
tic_tac_toe,llm_openrouter_openai_gpt_4o_mini,9,8,2,"In the current board state, I have the following configuration:\n\n```\n o | x | . \n---|---|---\n x | x | o \n---|---|---\n x | o | o \n```\n\nI am playing as 'x' and it's my turn to make a move. The available action is to place 'x' in cell index 2, which corresponds to the top right corner of the board. By placing 'x' in this cell, I will complete a vertical line in the first column (cells 0, 3, and 6), winning the game. Therefore, the best action is to choose the available action number 2.",0.0,random_None,2025-09-07T13:47:59.198379,20250907_124549,50,llm,openrouter_openai/gpt-4o-mini,"ox.
xxo
xoo",terminated,1.0,Positional
tic_tac_toe,llm_openrouter_openai_gpt_4o_mini,10,0,4,"In tic-tac-toe, the goal is to create a line of three of your symbols (X) in a row, column, or diagonal while preventing your opponent (O) from doing the same. Since this is the first move, I want to maximize my chances of winning. The center position (index 4) is the most strategic move because it allows for the most potential winning combinations (four: one vertical, one horizontal, and two diagonals). Therefore, I will choose the center cell.",0.0,random_None,2025-09-07T13:48:01.391472,20250907_124549,51,llm,openrouter_openai/gpt-4o-mini,"...
...
...",terminated,1.0,Opponent Modeling
tic_tac_toe,llm_openrouter_openai_gpt_4o_mini,10,2,0,"Currently, I am playing as 'x' and the board state shows that 'o' has taken the center position (index 4). My goal is to either create a winning line or block 'o' from winning. The available actions are [0, 1, 2, 3, 6, 7, 8]. I can take the corner positions (0, 2, 6, 8) or the edge positions (1, 3, 7). Taking a corner position is generally a stronger strategy as it allows for more potential winning combinations. I will choose position 0 to maximize my chances of winning in future moves.",0.0,random_None,2025-09-07T13:48:03.483373,20250907_124549,51,llm,openrouter_openai/gpt-4o-mini,"...
.xo
...",terminated,1.0,Positional
tic_tac_toe,llm_openrouter_openai_gpt_4o_mini,10,4,3,"In the current board state, I have the following positions: 'x' at indices 0 and 4, and 'o' at indices 1 and 3. The available actions are 2, 3, 6, 7, and 8. I need to block 'o' from winning in the next turn. If I place 'x' in index 3, 'o' will not be able to win in the next move since they would need to complete a row or column. Therefore, placing 'x' in index 3 is the best move to prevent 'o' from winning.",0.0,random_None,2025-09-07T13:48:05.954832,20250907_124549,51,llm,openrouter_openai/gpt-4o-mini,"xo.
.xo
...",terminated,1.0,Blocking
tic_tac_toe,llm_openrouter_openai_gpt_4o_mini,10,6,6,"In the current board state, I have the opportunity to win the game by placing 'x' in cell index 6. This will create a vertical line of 'x's in the second column (indices 1, 4, and 7), securing my victory. The other available actions (2 and 7) do not lead to an immediate win and could potentially allow my opponent to win in the next turn. Therefore, the best action is to place 'x' in cell index 6.",0.0,random_None,2025-09-07T13:48:08.330000,20250907_124549,51,llm,openrouter_openai/gpt-4o-mini,"xo.
xxo
..o",terminated,1.0,Opponent Modeling
tic_tac_toe,llm_openrouter_openai_gpt_4o_mini,1,0,4,"In the initial state of the game, I have the opportunity to place my 'X' in any of the available cells. A common strategy in tic-tac-toe is to take the center position if available, as it provides the most opportunities for creating a winning line (horizontally, vertically, or diagonally). The center cell is index 4, which is currently available. Therefore, I will choose to place my 'X' in the center cell.",0.0,random_None,2025-09-07T13:52:29.037243,20250907_125215,42,llm,openrouter_openai/gpt-4o-mini,"...
...
...",terminated,1.0,Rule-Based
tic_tac_toe,llm_openrouter_openai_gpt_4o_mini,1,2,5,"Currently, I am playing as 'x' and the board state shows that I have already placed an 'x' in the center (cell 4). The opponent has placed an 'o' in the top center (cell 1). My goal is to either create a winning line or block my opponent from winning. The available actions are [0, 2, 3, 5, 6, 7, 8]. Placing an 'x' in cell 0 (top left) or cell 2 (top right) does not block the opponent, but placing an 'x' in cell 3 (middle left) or cell 5 (middle right) could help me create a line in the next moves. However, placing an 'x' in cell 5 also blocks the opponent from potentially winning in the next turn by placing an 'o' in cell 2. Therefore, the best action is to place 'x' in cell 5 to block the opponent and create a potential winning opportunity for myself.",0.0,random_None,2025-09-07T13:52:34.088435,20250907_125215,42,llm,openrouter_openai/gpt-4o-mini,".o.
.x.
...",terminated,1.0,Blocking
tic_tac_toe,llm_openrouter_openai_gpt_4o_mini,1,4,2,"{
  ""reasoning"": ""In the current board state, I am playing as 'x' and it's my turn to make a move. The available actions are [2, 3, 6, 7, 8]. I need to analyze the board to determine the best move. Th...",0.0,random_None,2025-09-07T13:52:37.162446,20250907_125215,42,llm,openrouter_openai/gpt-4o-mini,"oo.
.xx
...",terminated,1.0,Heuristic
tic_tac_toe,llm_openrouter_openai_gpt_4o_mini,1,6,6,"In the current board state, I have the opportunity to win the game by placing 'x' in cell index 6. This will create a vertical line of 'x's in the second column (positions 1, 4, and 7), which will secure my victory. The other available actions (3 and 8) do not lead to an immediate win and could allow my opponent to potentially win on their next turn. Therefore, the best action is to choose cell index 6.",0.0,random_None,2025-09-07T13:52:38.908092,20250907_125215,42,llm,openrouter_openai/gpt-4o-mini,"oox
.xx
.o.",terminated,1.0,Opponent Modeling
tic_tac_toe,llm_openrouter_openai_gpt_4o_mini,2,0,4,"In tic-tac-toe, the first move is crucial as it sets the tone for the game. The best strategy is to take the center position if available, as it provides the most opportunities for creating winning combinations. If the center is not available, I would choose a corner position next, as they also offer multiple winning paths. Since the board is currently empty, I will take the center position (index 4).",0.0,random_None,2025-09-07T13:52:40.633706,20250907_125215,43,llm,openrouter_openai/gpt-4o-mini,"...
...
...",terminated,1.0,Positional
tic_tac_toe,llm_openrouter_openai_gpt_4o_mini,2,2,0,"Currently, the board state shows that 'o' has taken the center cell (index 4) and the top row is empty. As 'x', I want to maximize my chances of winning while minimizing 'o's opportunities. The best move is to take one of the corners, as this can lead to multiple winning paths. The available corner actions are 0 (top-left), 2 (top-right), 6 (bottom-left), and 8 (bottom-right). Taking the top-left corner (index 0) is a strong move because it creates a potential winning line across the top row and down the left column. Therefore, I will choose action 0.",0.0,random_None,2025-09-07T13:52:43.100448,20250907_125215,43,llm,openrouter_openai/gpt-4o-mini,"...
ox.
...",terminated,1.0,Positional
tic_tac_toe,llm_openrouter_openai_gpt_4o_mini,2,4,5,"In the current board state, I have 'x' in positions 0 and 1, and 'o' is in position 2 and 4. My goal is to either create a winning line or block my opponent from winning. The available actions are 1, 5, 6, 7, and 8. If I place 'x' in position 5, I will have two 'x's in the second column (positions 1 and 5), and I can potentially win in my next turn if I get position 8. Additionally, placing 'x' in position 5 does not allow 'o' to win in the next turn, as they cannot complete a line. Therefore, the best action is to place 'x' in position 5.",0.0,random_None,2025-09-07T13:52:46.076920,20250907_125215,43,llm,openrouter_openai/gpt-4o-mini,"x.o
ox.
...",terminated,1.0,Blocking
tic_tac_toe,llm_openrouter_openai_gpt_4o_mini,2,6,8,"In the current board state, I have the opportunity to win the game by placing 'x' in cell index 8. This will create a vertical line of 'x's in the right column (positions 2, 5, and 8), which will secure my victory. The other available actions (1 and 7) do not lead to an immediate win and could allow my opponent to potentially win on their next turn. Therefore, the best action is to place 'x' in cell index 8.",0.0,random_None,2025-09-07T13:52:48.020668,20250907_125215,43,llm,openrouter_openai/gpt-4o-mini,"x.o
oxx
o..",terminated,1.0,Opponent Modeling
tic_tac_toe,llm_openrouter_openai_gpt_4o_mini,3,0,4,"In the initial state of the game, I have the opportunity to choose any of the available cells (0-8). A common strategy in tic-tac-toe is to take the center position if available, as it provides the most opportunities for creating winning combinations. The center cell (index 4) allows for the most flexibility in forming lines of three. Since the center is available, I will choose that cell.",0.0,random_None,2025-09-07T13:52:49.664708,20250907_125215,44,llm,openrouter_openai/gpt-4o-mini,"...
...
...",terminated,1.0,Rule-Based
tic_tac_toe,llm_openrouter_openai_gpt_4o_mini,3,2,2,"Currently, the board state shows that I (X) have already placed my mark in the center (index 4) and my opponent (O) has placed theirs in the top center (index 1). The available actions are [0, 2, 3, 5, 6, 7, 8]. To maximize my chances of winning, I should aim to either block my opponent from winning or create a situation where I can win in the next move. The opponent has not created an immediate threat, so I can focus on creating my own winning opportunities. Placing my mark in index 0 (top left) or index 2 (top right) would allow me to create a potential winning line in the next turn. However, placing my mark in index 2 (top right) also sets me up for a diagonal win if I can place another X in index 6 or 8 in subsequent moves. Therefore, I choose index 2 as my action.",0.0,random_None,2025-09-07T13:52:54.251662,20250907_125215,44,llm,openrouter_openai/gpt-4o-mini,".o.
.x.
...",terminated,1.0,Winning Logic
tic_tac_toe,llm_openrouter_openai_gpt_4o_mini,3,4,0,"{
  ""reasoning"": ""Currently, the board state is as follows:\n\n```\n. o x\n. x .\n. . o\n```\n\nAs 'x', I need to consider both offensive and defensive strategies. The available actions are [0, 3, 5, ...",0.0,random_None,2025-09-07T13:52:58.028339,20250907_125215,44,llm,openrouter_openai/gpt-4o-mini,".ox
.x.
..o",terminated,1.0,Uncategorized
tic_tac_toe,llm_openrouter_openai_gpt_4o_mini,3,6,5,"In the current board state, I have the opportunity to win the game by placing 'x' in cell index 5. This will create a vertical line of 'x's in the second column (positions 1, 4, and 7), which will secure my victory. The other available actions (6 and 7) do not lead to an immediate win and would allow my opponent to potentially win on their next turn. Therefore, the best action is to choose cell index 5.",0.0,random_None,2025-09-07T13:52:59.897757,20250907_125215,44,llm,openrouter_openai/gpt-4o-mini,"xox
ox.
..o",terminated,1.0,Opponent Modeling
tic_tac_toe,llm_openrouter_openai_gpt_4o_mini,3,8,6,"In the current board state, I have the opportunity to block my opponent from winning. The opponent has two 'o's in the last column (indices 3 and 5), and if I do not place my 'x' in index 6, they will win on their next turn by placing an 'o' there. Therefore, the best action is to place my 'x' in index 6 to block them.",0.0,random_None,2025-09-07T13:53:01.572315,20250907_125215,44,llm,openrouter_openai/gpt-4o-mini,"xox
oxx
.oo",terminated,1.0,Blocking
tic_tac_toe,llm_openrouter_openai_gpt_4o_mini,4,0,4,"In the initial state of the game, there are no moves made yet, and I have the opportunity to choose any of the available cells (0-8). A common strategy in tic-tac-toe is to take the center position if available, as it provides the most opportunities for creating winning combinations. The center cell is index 4. Therefore, I will choose action 4.",0.0,random_None,2025-09-07T13:53:03.202581,20250907_125215,45,llm,openrouter_openai/gpt-4o-mini,"...
...
...",terminated,-1.0,Rule-Based
tic_tac_toe,llm_openrouter_openai_gpt_4o_mini,4,2,3,"Currently, the board state shows that 'o' has taken the top left corner (cell 1) and 'x' has taken the middle cell (cell 5). The available actions are cells 1, 2, 3, 5, 6, 7, and 8. Since cell 1 is already occupied by 'o', I cannot choose that. The goal is to either block 'o' from winning or to create a winning opportunity for 'x'. The best move is to take cell 3 (top right corner) to create a potential winning line in the next moves, while also keeping an eye on blocking any potential threats from 'o'.",0.0,random_None,2025-09-07T13:53:05.532616,20250907_125215,45,llm,openrouter_openai/gpt-4o-mini,"o..
.x.
...",terminated,-1.0,Blocking
tic_tac_toe,llm_openrouter_openai_gpt_4o_mini,4,4,8,"In the current board state, I have two 'x's in the second row, which means I am one move away from winning if I place an 'x' in cell index 8. This will complete the row with three 'x's. The other available actions do not lead to an immediate win or block an opponent's winning move, so placing an 'x' in cell index 8 is the best choice.",0.0,random_None,2025-09-07T13:53:07.381294,20250907_125215,45,llm,openrouter_openai/gpt-4o-mini,"oo.
xx.
...",terminated,-1.0,Winning Logic
tic_tac_toe,llm_openrouter_openai_gpt_4o_mini,5,0,4,"In tic-tac-toe, the first move is crucial as it sets the tone for the game. The best strategy is to take the center position if available, as it provides the most opportunities for creating winning combinations. In this case, the center position corresponds to index 4. Therefore, I will choose action 4.",0.0,random_None,2025-09-07T13:53:09.089674,20250907_125215,46,llm,openrouter_openai/gpt-4o-mini,"...
...
...",terminated,1.0,Rule-Based
tic_tac_toe,llm_openrouter_openai_gpt_4o_mini,5,2,0,"Currently, the board state shows that 'o' has taken the center position (index 4), and I (as 'x') have taken the top center position (index 1). The available actions are [0, 1, 2, 5, 6, 7, 8]. To maximize my chances of winning, I should aim to either block 'o' from winning or create a winning opportunity for myself. The best move is to take position 0 (top left), which allows me to create a potential winning line in the next move if I can get another 'x' in position 2 (top right) or position 3 (middle left) next turn. This also prevents 'o' from forming a line in the next moves. Therefore, I will choose action 0.",0.0,random_None,2025-09-07T13:53:11.666106,20250907_125215,46,llm,openrouter_openai/gpt-4o-mini,"...
ox.
...",terminated,1.0,Blocking
tic_tac_toe,llm_openrouter_openai_gpt_4o_mini,5,4,5,"Currently, the board state is:\n\nx o .\n o x .\n. . .\n\nAs 'x', I want to either win or block my opponent from winning. The available actions are [1, 5, 6, 7, 8]. \n\n- Action 1 (top middle) is already occupied by 'o'.\n- Action 5 (middle center) is unoccupied and would allow me to create a potential winning line in the next move.\n- Action 6 (middle right) is unoccupied but does not contribute to an immediate win.\n- Action 7 (bottom left) is unoccupied but does not contribute to an immediate win.\n- Action 8 (bottom middle) is unoccupied but does not contribute to an immediate win.\n\nChoosing action 5 is the best move as it allows me to control the center and sets me up for a potential win in the next turn while also blocking any immediate threats from 'o'.",0.0,random_None,2025-09-07T13:53:14.485691,20250907_125215,46,llm,openrouter_openai/gpt-4o-mini,"x.o
ox.
...",terminated,1.0,Blocking
tic_tac_toe,llm_openrouter_openai_gpt_4o_mini,5,6,6,"In the current board state, I have two 'x's in the second row, which means I can win by placing an 'x' in cell 6. This will complete the row with three 'x's and secure my victory. The other available actions (7 and 8) do not lead to an immediate win, so the best choice is to take cell 6.",0.0,random_None,2025-09-07T13:53:17.183999,20250907_125215,46,llm,openrouter_openai/gpt-4o-mini,"xoo
oxx
...",terminated,1.0,Winning Logic
tic_tac_toe,llm_openrouter_openai_gpt_4o_mini,5,8,8,"In the current board state, I have the opportunity to win the game by placing 'x' in the bottom right corner (cell index 8). This will create a vertical line of 'x's in the last column, securing my victory. Since this is the only available action and it leads to a win, it is the best choice.",0.0,random_None,2025-09-07T13:53:18.525460,20250907_125215,46,llm,openrouter_openai/gpt-4o-mini,"xoo
oxx
xo.",terminated,1.0,Positional
tic_tac_toe,llm_openrouter_openai_gpt_4o_mini,6,0,4,"In tic-tac-toe, the first move is crucial as it sets the tone for the game. The best strategy is to take the center position if available, as it provides the most opportunities for creating winning combinations. Since the board is currently empty, I will choose the center cell (index 4) to maximize my chances of winning.",0.0,random_None,2025-09-07T13:53:19.965818,20250907_125215,47,llm,openrouter_openai/gpt-4o-mini,"...
...
...",terminated,1.0,Rule-Based
tic_tac_toe,llm_openrouter_openai_gpt_4o_mini,6,2,3,"Currently, I have 'X' in the center (index 4) and 'O' in the bottom center (index 7). My goal is to create a winning line while also blocking my opponent. The available actions are [0, 1, 2, 3, 5, 6, 8]. Placing 'X' in index 3 (top center) would create a potential winning line in the next move if I can place another 'X' in index 0 or 2. Additionally, it prevents 'O' from potentially creating a vertical line in the next turn. Therefore, the best action is to place 'X' in index 3.",0.0,random_None,2025-09-07T13:53:22.221781,20250907_125215,47,llm,openrouter_openai/gpt-4o-mini,"...
.x.
.o.",terminated,1.0,Blocking
tic_tac_toe,llm_openrouter_openai_gpt_4o_mini,6,4,5,"In the current board state, I have two 'x's in the second row, which means I am one move away from winning if I place an 'x' in the first cell of that row (index 1). However, I need to consider the available actions. The available actions are [0, 2, 5, 6, 8]. The best move is to place 'x' in index 5, which will create a vertical line of 'x's in the second column, leading to a win. This move also prevents the opponent from potentially winning in their next turn.",0.0,random_None,2025-09-07T13:53:24.265186,20250907_125215,47,llm,openrouter_openai/gpt-4o-mini,".o.
xx.
.o.",terminated,1.0,Opponent Modeling
tic_tac_toe,llm_openrouter_openai_gpt_4o_mini,7,0,4,"In the initial state of the game, there are no moves made yet, and I have the opportunity to choose any of the available cells (0-8). A common strategy in tic-tac-toe is to take the center position if available, as it provides the most opportunities for creating winning combinations. The center cell is index 4. If the center is not available, I would choose a corner cell next, as they also provide good opportunities for winning. Since all cells are available, I will choose the center cell (index 4).",0.0,random_None,2025-09-07T13:53:26.022446,20250907_125215,48,llm,openrouter_openai/gpt-4o-mini,"...
...
...",terminated,1.0,Positional
tic_tac_toe,llm_openrouter_openai_gpt_4o_mini,7,2,3,"Currently, the board state shows that I (X) have placed my mark in the center (index 4), and my opponent (O) has placed theirs in the bottom middle (index 7). The available actions are [0, 1, 2, 3, 5, 6, 7]. To maximize my chances of winning, I should aim to either create a line of three X's or block my opponent from doing so. The best move is to place my X in index 3, which is the top middle cell. This not only sets me up for a potential win in the next turn but also prevents O from creating a vertical line in the next moves. Therefore, I choose action 3.",0.0,random_None,2025-09-07T13:53:28.552455,20250907_125215,48,llm,openrouter_openai/gpt-4o-mini,"...
.x.
..o",terminated,1.0,Blocking
tic_tac_toe,llm_openrouter_openai_gpt_4o_mini,7,4,2,"Currently, the board state shows that I have two 'x's in the first row and I can place my 'x' in index 2 to complete the row and win the game. The available actions are [0, 1, 2, 5, 7], and choosing action 2 will allow me to win immediately.",0.0,random_None,2025-09-07T13:53:30.014211,20250907_125215,48,llm,openrouter_openai/gpt-4o-mini,"...
xx.
o.o",terminated,1.0,Winning Logic
tic_tac_toe,llm_openrouter_openai_gpt_4o_mini,7,6,1,"In the current board state, I have the opportunity to win the game by placing 'x' in cell index 1. This will create a vertical line of 'x's in the second column (cells 1, 4, and 7), resulting in a victory. The other available actions (0 and 7) do not lead to an immediate win and would allow the opponent to potentially block my winning move in the next turn. Therefore, the best action is to choose cell index 1.",0.0,random_None,2025-09-07T13:53:31.955235,20250907_125215,48,llm,openrouter_openai/gpt-4o-mini,"..x
xxo
o.o",terminated,1.0,Winning Logic
tic_tac_toe,llm_openrouter_openai_gpt_4o_mini,7,8,7,"In the current board state, I have the opportunity to place 'x' in cell index 7. This will complete the row at the bottom (row 3) with 'x's, resulting in a win for me. Since I am one move away from winning, I should take this action.",0.0,random_None,2025-09-07T13:53:33.906048,20250907_125215,48,llm,openrouter_openai/gpt-4o-mini,"oxx
xxo
o.o",terminated,1.0,Winning Logic
tic_tac_toe,llm_openrouter_openai_gpt_4o_mini,8,0,4,"In tic-tac-toe, the first move is crucial as it sets the tone for the game. The best strategy is to take the center position if available, as it provides the most opportunities for creating winning combinations. If the center is not available, I would choose a corner position next, as they also offer multiple winning paths. Since the board is currently empty, I will take the center position (index 4).",0.0,random_None,2025-09-07T13:53:35.582046,20250907_125215,49,llm,openrouter_openai/gpt-4o-mini,"...
...
...",terminated,1.0,Positional
tic_tac_toe,llm_openrouter_openai_gpt_4o_mini,8,2,5,"Currently, the board state shows that 'o' has taken the center cell (1) and 'x' has taken the middle left cell (3). The available actions are [0, 1, 3, 5, 6, 7, 8]. To maximize my chances of winning, I should aim to either block 'o' from winning or create a situation where I can win in the next move. The best move is to take cell 5 (the center right), which allows me to create a potential winning line in the next turn while also preventing 'o' from forming a line vertically or diagonally. Therefore, I choose action 5.",0.0,random_None,2025-09-07T13:53:38.398920,20250907_125215,49,llm,openrouter_openai/gpt-4o-mini,"..o
.x.
...",terminated,1.0,Blocking
tic_tac_toe,llm_openrouter_openai_gpt_4o_mini,8,4,0,"In the current board state, I have two 'x's in the second row and I can win by placing an 'x' in the first cell (index 0). This will create a row of three 'x's in the second row, winning the game. Therefore, the best action is to choose index 0.",0.0,random_None,2025-09-07T13:53:40.344013,20250907_125215,49,llm,openrouter_openai/gpt-4o-mini,"..o
.xx
..o",terminated,1.0,Winning Logic
tic_tac_toe,llm_openrouter_openai_gpt_4o_mini,8,6,3,"In the current board state, I have the following layout:\n\n```\n x | . | o \n---|---|---\n x | x | . \n---|---|---\n . | o | o \n```\n\nI have the opportunity to win the game by placing 'x' in cell index 3 (the middle cell of the bottom row), which would create a vertical line of 'x's in the second column. This is a winning move, and since I should prioritize winning when possible, this is the best action to take.",0.0,random_None,2025-09-07T13:53:42.551193,20250907_125215,49,llm,openrouter_openai/gpt-4o-mini,"x.o
.xx
.oo",terminated,1.0,Winning Logic
tic_tac_toe,llm_openrouter_openai_gpt_4o_mini,9,0,4,"In tic-tac-toe, the first move is crucial as it sets the tone for the game. The best strategy is to take the center position if available, as it provides the most opportunities for creating winning combinations. If the center is not available, I would choose a corner position next, as they also offer good chances for winning. Since the board is currently empty, I will take the center position (index 4).",0.0,random_None,2025-09-07T13:53:44.441515,20250907_125215,50,llm,openrouter_openai/gpt-4o-mini,"...
...
...",terminated,1.0,Positional
tic_tac_toe,llm_openrouter_openai_gpt_4o_mini,9,2,0,"Currently, the board state shows that I (X) have placed my mark in the center (index 4), and my opponent (O) has placed theirs in the top middle (index 1). The available actions are [0, 1, 2, 3, 5, 7, 8]. I need to consider both offense and defense. My opponent has a potential winning move if they get another O in either index 0 or index 2 (top row) on their next turn. Therefore, I should block that potential win by placing my X in index 0 or index 2. Choosing index 0 will also give me a chance to create a winning line in the next turn if I can place an X in index 2 afterward. Thus, I will choose index 0 to block my opponent and set up for a potential win.",0.0,random_None,2025-09-07T13:53:47.311613,20250907_125215,50,llm,openrouter_openai/gpt-4o-mini,"...
.x.
o..",terminated,1.0,Winning Logic
tic_tac_toe,llm_openrouter_openai_gpt_4o_mini,9,4,1,"{
  ""reasoning"": ""Currently, the board state is as follows:\n\n```\n x . .\n o x .\n o . .\n```\n\nAs 'x', I need to consider both my potential winning moves and the blocking moves against 'o'. The av...",0.0,random_None,2025-09-07T13:53:56.218576,20250907_125215,50,llm,openrouter_openai/gpt-4o-mini,"x..
ox.
o..",terminated,1.0,Blocking
tic_tac_toe,llm_openrouter_openai_gpt_4o_mini,9,6,8,"In the current board state, I have two 'x's in the top row and I need to block my opponent from winning. The opponent has an 'o' in the middle cell of the second row and could potentially win by placing an 'o' in cell 8 (bottom middle). Therefore, I should take action 8 to block them from winning on their next turn.",0.0,random_None,2025-09-07T13:53:57.750438,20250907_125215,50,llm,openrouter_openai/gpt-4o-mini,"xx.
oxo
o..",terminated,1.0,Blocking
tic_tac_toe,llm_openrouter_openai_gpt_4o_mini,10,0,4,"In tic-tac-toe, the first move is crucial as it sets the tone for the game. The best strategy is to take the center position if available, as it provides the most opportunities for creating winning combinations. If the center is not available, choosing a corner is the next best option since it also allows for multiple winning paths. In this case, the board is empty, and the center (index 4) is available. Therefore, I will choose the center position.",0.0,random_None,2025-09-07T13:53:59.709262,20250907_125215,51,llm,openrouter_openai/gpt-4o-mini,"...
...
...",terminated,1.0,Positional
tic_tac_toe,llm_openrouter_openai_gpt_4o_mini,10,2,0,"In the current board state, I have the opportunity to place 'x' in one of the available cells. The available actions are [0, 1, 2, 5, 6, 7, 8]. The current board shows that 'o' has already occupied cell 4. To maximize my chances of winning, I should aim to either create a line of 'x's or block 'o' from creating a line. Placing 'x' in cell 0 would not only occupy a corner but also set me up for potential winning moves in the next turn. Therefore, I choose action 0.",0.0,random_None,2025-09-07T13:54:02.115686,20250907_125215,51,llm,openrouter_openai/gpt-4o-mini,"...
ox.
...",terminated,1.0,Positional
tic_tac_toe,llm_openrouter_openai_gpt_4o_mini,10,4,1,"In the current board state, I have 'x' in the top left corner (cell 0) and the middle row has 'o' in the middle (cell 4) and the right (cell 5). My goal is to either create a winning opportunity or block my opponent from winning. The available actions are [1, 2, 6, 7, 8]. If I place 'x' in cell 1, I will have two 'x's in the first row, which could lead to a win on my next turn if I can place another 'x' in cell 2. Alternatively, placing 'x' in cell 6 or 7 does not create an immediate threat or opportunity. Cell 8 is also not strategic. Therefore, placing 'x' in cell 1 is the best move to create a potential win in the next turn.",0.0,random_None,2025-09-07T13:54:04.899352,20250907_125215,51,llm,openrouter_openai/gpt-4o-mini,"x..
oxo
...",terminated,1.0,Winning Logic
tic_tac_toe,llm_openrouter_openai_gpt_4o_mini,10,6,6,"In the current board state, I have two 'x's in the first row and one 'o' in the second row. The available actions are to place 'x' in cells 6, 7, or 8. If I place 'x' in cell 6, I will have three 'x's in a row (xxo) and win the game. Therefore, the best action is to place 'x' in cell 6.",0.0,random_None,2025-09-07T13:54:06.569866,20250907_125215,51,llm,openrouter_openai/gpt-4o-mini,"xxo
oxo
...",terminated,1.0,Winning Logic
tic_tac_toe,llm_openrouter_openai_gpt_4o_mini,10,8,8,"In the current board state, I have the following configuration:\n\n```\nxxo\noxo\nxo.\n```\n\nI am 'x' and it's my turn to play. The available action is to place 'x' in cell index 8, which corresponds to the bottom right corner of the board. By placing 'x' in this position, I will complete a vertical line in the last column (the third column) with 'x's in positions (0,2), (1,2), and (2,2). This will result in a win for me.\n\nTherefore, the best action to take is to place 'x' in cell index 8.",0.0,random_None,2025-09-07T13:54:08.988686,20250907_125215,51,llm,openrouter_openai/gpt-4o-mini,"xxo
oxo
xo.",terminated,1.0,Positional
tic_tac_toe,random_None,1,1,2,,0.0,llm_openrouter_openai/gpt_4o_mini,2025-09-07T13:46:02.311774,20250907_124549,42,random,,"x..
...
...",terminated,-1.0,Uncategorized
tic_tac_toe,random_None,1,3,1,,0.0,llm_openrouter_openai/gpt_4o_mini,2025-09-07T13:46:07.133363,20250907_124549,42,random,,"x.o
x..
...",terminated,-1.0,Uncategorized
tic_tac_toe,random_None,1,5,6,,0.0,llm_openrouter_openai/gpt_4o_mini,2025-09-07T13:46:09.863933,20250907_124549,42,random,,"xoo
x..
.x.",terminated,-1.0,Uncategorized
tic_tac_toe,random_None,1,7,5,,0.0,llm_openrouter_openai/gpt_4o_mini,2025-09-07T13:46:12.098285,20250907_124549,42,random,,"xoo
xx.
ox.",terminated,-1.0,Uncategorized
tic_tac_toe,random_None,2,1,3,,0.0,llm_openrouter_openai/gpt_4o_mini,2025-09-07T13:46:21.734102,20250907_124549,43,random,,"...
.x.
...",terminated,-1.0,Uncategorized
tic_tac_toe,random_None,2,3,2,,0.0,llm_openrouter_openai/gpt_4o_mini,2025-09-07T13:46:24.423901,20250907_124549,43,random,,"x..
ox.
...",terminated,-1.0,Uncategorized
tic_tac_toe,random_None,2,5,1,,0.0,llm_openrouter_openai/gpt_4o_mini,2025-09-07T13:46:29.513205,20250907_124549,43,random,,"x.o
oxx
...",terminated,-1.0,Uncategorized
tic_tac_toe,random_None,2,7,7,,0.0,llm_openrouter_openai/gpt_4o_mini,2025-09-07T13:46:31.725521,20250907_124549,43,random,,"xoo
oxx
x..",terminated,-1.0,Uncategorized
tic_tac_toe,random_None,3,1,7,,0.0,llm_openrouter_openai/gpt_4o_mini,2025-09-07T13:46:36.621600,20250907_124549,44,random,,"...
.x.
...",terminated,-1.0,Uncategorized
tic_tac_toe,random_None,3,3,1,,0.0,llm_openrouter_openai/gpt_4o_mini,2025-09-07T13:46:39.388512,20250907_124549,44,random,,"x..
.x.
.o.",terminated,-1.0,Uncategorized
tic_tac_toe,random_None,3,5,3,,0.0,llm_openrouter_openai/gpt_4o_mini,2025-09-07T13:46:42.091035,20250907_124549,44,random,,"xox
.x.
.o.",terminated,-1.0,Uncategorized
tic_tac_toe,random_None,3,7,6,,0.0,llm_openrouter_openai/gpt_4o_mini,2025-09-07T13:46:43.805549,20250907_124549,44,random,,"xox
oxx
.o.",terminated,-1.0,Uncategorized
tic_tac_toe,random_None,4,1,3,,0.0,llm_openrouter_openai/gpt_4o_mini,2025-09-07T13:46:48.892918,20250907_124549,45,random,,"...
.x.
...",terminated,-1.0,Uncategorized
tic_tac_toe,random_None,4,3,2,,0.0,llm_openrouter_openai/gpt_4o_mini,2025-09-07T13:46:51.284130,20250907_124549,45,random,,"x..
ox.
...",terminated,-1.0,Uncategorized
tic_tac_toe,random_None,4,5,1,,0.0,llm_openrouter_openai/gpt_4o_mini,2025-09-07T13:46:53.447711,20250907_124549,45,random,,"x.o
oxx
...",terminated,-1.0,Uncategorized
tic_tac_toe,random_None,4,7,7,,0.0,llm_openrouter_openai/gpt_4o_mini,2025-09-07T13:46:55.164012,20250907_124549,45,random,,"xoo
oxx
x..",terminated,-1.0,Uncategorized
tic_tac_toe,random_None,5,1,7,,0.0,llm_openrouter_openai/gpt_4o_mini,2025-09-07T13:47:00.260618,20250907_124549,46,random,,"...
.x.
...",terminated,1.0,Uncategorized
tic_tac_toe,random_None,5,3,2,,0.0,llm_openrouter_openai/gpt_4o_mini,2025-09-07T13:47:03.731706,20250907_124549,46,random,,"x..
.x.
.o.",terminated,1.0,Uncategorized
tic_tac_toe,random_None,5,5,8,,0.0,llm_openrouter_openai/gpt_4o_mini,2025-09-07T13:47:07.367116,20250907_124549,46,random,,"xxo
.x.
.o.",terminated,1.0,Uncategorized
tic_tac_toe,random_None,5,7,6,,0.0,llm_openrouter_openai/gpt_4o_mini,2025-09-07T13:47:09.691471,20250907_124549,46,random,,"xxo
xx.
.oo",terminated,1.0,Uncategorized
tic_tac_toe,random_None,6,1,0,,0.0,llm_openrouter_openai/gpt_4o_mini,2025-09-07T13:47:12.002147,20250907_124549,47,random,,"...
.x.
...",terminated,-1.0,Uncategorized
tic_tac_toe,random_None,6,3,2,,0.0,llm_openrouter_openai/gpt_4o_mini,2025-09-07T13:47:14.761791,20250907_124549,47,random,,"o..
xx.
...",terminated,-1.0,Uncategorized
tic_tac_toe,random_None,6,5,8,,0.0,llm_openrouter_openai/gpt_4o_mini,2025-09-07T13:47:16.758163,20250907_124549,47,random,,"oxo
xx.
...",terminated,-1.0,Uncategorized
tic_tac_toe,random_None,7,1,6,,0.0,llm_openrouter_openai/gpt_4o_mini,2025-09-07T13:47:19.927719,20250907_124549,48,random,,"...
.x.
...",terminated,-1.0,Uncategorized
tic_tac_toe,random_None,7,3,3,,0.0,llm_openrouter_openai/gpt_4o_mini,2025-09-07T13:47:22.851024,20250907_124549,48,random,,"x..
.x.
o..",terminated,-1.0,Uncategorized
tic_tac_toe,random_None,7,5,5,,0.0,llm_openrouter_openai/gpt_4o_mini,2025-09-07T13:47:27.412354,20250907_124549,48,random,,"xx.
ox.
o..",terminated,-1.0,Uncategorized
tic_tac_toe,random_None,8,1,3,,0.0,llm_openrouter_openai/gpt_4o_mini,2025-09-07T13:47:31.698741,20250907_124549,49,random,,"...
.x.
...",terminated,-1.0,Uncategorized
tic_tac_toe,random_None,8,3,5,,0.0,llm_openrouter_openai/gpt_4o_mini,2025-09-07T13:47:34.305575,20250907_124549,49,random,,"x..
ox.
...",terminated,-1.0,Uncategorized
tic_tac_toe,random_None,8,5,2,,0.0,llm_openrouter_openai/gpt_4o_mini,2025-09-07T13:47:38.249854,20250907_124549,49,random,,"xx.
oxo
...",terminated,-1.0,Uncategorized
tic_tac_toe,random_None,8,7,7,,0.0,llm_openrouter_openai/gpt_4o_mini,2025-09-07T13:47:43.553897,20250907_124549,49,random,,"xxo
oxo
x..",terminated,-1.0,Uncategorized
tic_tac_toe,random_None,9,1,7,,0.0,llm_openrouter_openai/gpt_4o_mini,2025-09-07T13:47:47.581571,20250907_124549,50,random,,"...
.x.
...",terminated,-1.0,Uncategorized
tic_tac_toe,random_None,9,3,0,,0.0,llm_openrouter_openai/gpt_4o_mini,2025-09-07T13:47:51.571462,20250907_124549,50,random,,"...
.x.
xo.",terminated,-1.0,Uncategorized
tic_tac_toe,random_None,9,5,5,,0.0,llm_openrouter_openai/gpt_4o_mini,2025-09-07T13:47:54.067762,20250907_124549,50,random,,"o..
xx.
xo.",terminated,-1.0,Uncategorized
tic_tac_toe,random_None,9,7,8,,0.0,llm_openrouter_openai/gpt_4o_mini,2025-09-07T13:47:56.358888,20250907_124549,50,random,,"ox.
xxo
xo.",terminated,-1.0,Uncategorized
tic_tac_toe,random_None,10,1,5,,0.0,llm_openrouter_openai/gpt_4o_mini,2025-09-07T13:48:01.393714,20250907_124549,51,random,,"...
.x.
...",terminated,-1.0,Uncategorized
tic_tac_toe,random_None,10,3,1,,0.0,llm_openrouter_openai/gpt_4o_mini,2025-09-07T13:48:03.485975,20250907_124549,51,random,,"x..
.xo
...",terminated,-1.0,Uncategorized
tic_tac_toe,random_None,10,5,8,,0.0,llm_openrouter_openai/gpt_4o_mini,2025-09-07T13:48:05.957157,20250907_124549,51,random,,"xo.
xxo
...",terminated,-1.0,Uncategorized
tic_tac_toe,random_None,1,1,1,,0.0,llm_openrouter_openai/gpt_4o_mini,2025-09-07T13:52:29.041043,20250907_125215,42,random,,"...
.x.
...",terminated,-1.0,Uncategorized
tic_tac_toe,random_None,1,3,0,,0.0,llm_openrouter_openai/gpt_4o_mini,2025-09-07T13:52:34.090765,20250907_125215,42,random,,".o.
.xx
...",terminated,-1.0,Uncategorized
tic_tac_toe,random_None,1,5,7,,0.0,llm_openrouter_openai/gpt_4o_mini,2025-09-07T13:52:37.165148,20250907_125215,42,random,,"oox
.xx
...",terminated,-1.0,Uncategorized
tic_tac_toe,random_None,2,1,3,,0.0,llm_openrouter_openai/gpt_4o_mini,2025-09-07T13:52:40.636898,20250907_125215,43,random,,"...
.x.
...",terminated,-1.0,Uncategorized
tic_tac_toe,random_None,2,3,2,,0.0,llm_openrouter_openai/gpt_4o_mini,2025-09-07T13:52:43.102939,20250907_125215,43,random,,"x..
ox.
...",terminated,-1.0,Uncategorized
tic_tac_toe,random_None,2,5,6,,0.0,llm_openrouter_openai/gpt_4o_mini,2025-09-07T13:52:46.081258,20250907_125215,43,random,,"x.o
oxx
...",terminated,-1.0,Uncategorized
tic_tac_toe,random_None,3,1,1,,0.0,llm_openrouter_openai/gpt_4o_mini,2025-09-07T13:52:49.668242,20250907_125215,44,random,,"...
.x.
...",terminated,-1.0,Uncategorized
tic_tac_toe,random_None,3,3,8,,0.0,llm_openrouter_openai/gpt_4o_mini,2025-09-07T13:52:54.254590,20250907_125215,44,random,,".ox
.x.
...",terminated,-1.0,Uncategorized
tic_tac_toe,random_None,3,5,3,,0.0,llm_openrouter_openai/gpt_4o_mini,2025-09-07T13:52:58.031411,20250907_125215,44,random,,"xox
.x.
..o",terminated,-1.0,Uncategorized
tic_tac_toe,random_None,3,7,7,,0.0,llm_openrouter_openai/gpt_4o_mini,2025-09-07T13:52:59.900394,20250907_125215,44,random,,"xox
oxx
..o",terminated,-1.0,Uncategorized
tic_tac_toe,random_None,4,1,0,,0.0,llm_openrouter_openai/gpt_4o_mini,2025-09-07T13:53:03.205177,20250907_125215,45,random,,"...
.x.
...",terminated,1.0,Uncategorized
tic_tac_toe,random_None,4,3,1,,0.0,llm_openrouter_openai/gpt_4o_mini,2025-09-07T13:53:05.536006,20250907_125215,45,random,,"o..
xx.
...",terminated,1.0,Uncategorized
tic_tac_toe,random_None,4,5,2,,0.0,llm_openrouter_openai/gpt_4o_mini,2025-09-07T13:53:07.384107,20250907_125215,45,random,,"oo.
xx.
..x",terminated,1.0,Uncategorized
tic_tac_toe,random_None,5,1,3,,0.0,llm_openrouter_openai/gpt_4o_mini,2025-09-07T13:53:09.092944,20250907_125215,46,random,,"...
.x.
...",terminated,-1.0,Uncategorized
tic_tac_toe,random_None,5,3,2,,0.0,llm_openrouter_openai/gpt_4o_mini,2025-09-07T13:53:11.668633,20250907_125215,46,random,,"x..
ox.
...",terminated,-1.0,Uncategorized
tic_tac_toe,random_None,5,5,1,,0.0,llm_openrouter_openai/gpt_4o_mini,2025-09-07T13:53:14.488976,20250907_125215,46,random,,"x.o
oxx
...",terminated,-1.0,Uncategorized
tic_tac_toe,random_None,5,7,7,,0.0,llm_openrouter_openai/gpt_4o_mini,2025-09-07T13:53:17.186516,20250907_125215,46,random,,"xoo
oxx
x..",terminated,-1.0,Uncategorized
tic_tac_toe,random_None,6,1,7,,0.0,llm_openrouter_openai/gpt_4o_mini,2025-09-07T13:53:19.969109,20250907_125215,47,random,,"...
.x.
...",terminated,-1.0,Uncategorized
tic_tac_toe,random_None,6,3,1,,0.0,llm_openrouter_openai/gpt_4o_mini,2025-09-07T13:53:22.224553,20250907_125215,47,random,,"...
xx.
.o.",terminated,-1.0,Uncategorized
tic_tac_toe,random_None,7,1,8,,0.0,llm_openrouter_openai/gpt_4o_mini,2025-09-07T13:53:26.024956,20250907_125215,48,random,,"...
.x.
...",terminated,-1.0,Uncategorized
tic_tac_toe,random_None,7,3,6,,0.0,llm_openrouter_openai/gpt_4o_mini,2025-09-07T13:53:28.554411,20250907_125215,48,random,,"...
xx.
..o",terminated,-1.0,Uncategorized
tic_tac_toe,random_None,7,5,5,,0.0,llm_openrouter_openai/gpt_4o_mini,2025-09-07T13:53:30.017807,20250907_125215,48,random,,"..x
xx.
o.o",terminated,-1.0,Uncategorized
tic_tac_toe,random_None,7,7,0,,0.0,llm_openrouter_openai/gpt_4o_mini,2025-09-07T13:53:31.958564,20250907_125215,48,random,,".xx
xxo
o.o",terminated,-1.0,Uncategorized
tic_tac_toe,random_None,8,1,2,,0.0,llm_openrouter_openai/gpt_4o_mini,2025-09-07T13:53:35.584930,20250907_125215,49,random,,"...
.x.
...",terminated,-1.0,Uncategorized
tic_tac_toe,random_None,8,3,8,,0.0,llm_openrouter_openai/gpt_4o_mini,2025-09-07T13:53:38.401677,20250907_125215,49,random,,"..o
.xx
...",terminated,-1.0,Uncategorized
tic_tac_toe,random_None,8,5,7,,0.0,llm_openrouter_openai/gpt_4o_mini,2025-09-07T13:53:40.346699,20250907_125215,49,random,,"x.o
.xx
..o",terminated,-1.0,Uncategorized
tic_tac_toe,random_None,9,1,6,,0.0,llm_openrouter_openai/gpt_4o_mini,2025-09-07T13:53:44.443943,20250907_125215,50,random,,"...
.x.
...",terminated,-1.0,Uncategorized
tic_tac_toe,random_None,9,3,3,,0.0,llm_openrouter_openai/gpt_4o_mini,2025-09-07T13:53:47.314694,20250907_125215,50,random,,"x..
.x.
o..",terminated,-1.0,Uncategorized
tic_tac_toe,random_None,9,5,5,,0.0,llm_openrouter_openai/gpt_4o_mini,2025-09-07T13:53:56.221037,20250907_125215,50,random,,"xx.
ox.
o..",terminated,-1.0,Uncategorized
tic_tac_toe,random_None,10,1,3,,0.0,llm_openrouter_openai/gpt_4o_mini,2025-09-07T13:53:59.711453,20250907_125215,51,random,,"...
.x.
...",terminated,-1.0,Uncategorized
tic_tac_toe,random_None,10,3,5,,0.0,llm_openrouter_openai/gpt_4o_mini,2025-09-07T13:54:02.119122,20250907_125215,51,random,,"x..
ox.
...",terminated,-1.0,Uncategorized
tic_tac_toe,random_None,10,5,2,,0.0,llm_openrouter_openai/gpt_4o_mini,2025-09-07T13:54:04.902916,20250907_125215,51,random,,"xx.
oxo
...",terminated,-1.0,Uncategorized
tic_tac_toe,random_None,10,7,7,,0.0,llm_openrouter_openai/gpt_4o_mini,2025-09-07T13:54:06.572498,20250907_125215,51,random,,"xxo
oxo
x..",terminated,-1.0,Uncategorized
