game_name,episode,turn,action,reasoning,board_state,timestamp,agent_type,agent_model
tic_tac_toe,1,1,2,None,"x..
...
...",2025-09-07T13:46:02.311774,random,None
tic_tac_toe,1,1,1,None,"...
.x.
...",2025-09-07T13:52:29.041043,random,None
tic_tac_toe,1,3,1,None,"x.o
x..
...",2025-09-07T13:46:07.133363,random,None
tic_tac_toe,1,3,0,None,".o.
.xx
...",2025-09-07T13:52:34.090765,random,None
tic_tac_toe,1,5,6,None,"xoo
x..
.x.",2025-09-07T13:46:09.863933,random,None
tic_tac_toe,1,5,7,None,"oox
.xx
...",2025-09-07T13:52:37.165148,random,None
tic_tac_toe,1,7,5,None,"xoo
xx.
ox.",2025-09-07T13:46:12.098285,random,None
tic_tac_toe,2,1,3,None,"...
.x.
...",2025-09-07T13:46:21.734102,random,None
tic_tac_toe,2,1,3,None,"...
.x.
...",2025-09-07T13:52:40.636898,random,None
tic_tac_toe,2,3,2,None,"x..
ox.
...",2025-09-07T13:46:24.423901,random,None
tic_tac_toe,2,3,2,None,"x..
ox.
...",2025-09-07T13:52:43.102939,random,None
tic_tac_toe,2,5,1,None,"x.o
oxx
...",2025-09-07T13:46:29.513205,random,None
tic_tac_toe,2,5,6,None,"x.o
oxx
...",2025-09-07T13:52:46.081258,random,None
tic_tac_toe,2,7,7,None,"xoo
oxx
x..",2025-09-07T13:46:31.725521,random,None
tic_tac_toe,3,1,7,None,"...
.x.
...",2025-09-07T13:46:36.621600,random,None
tic_tac_toe,3,1,1,None,"...
.x.
...",2025-09-07T13:52:49.668242,random,None
tic_tac_toe,3,3,1,None,"x..
.x.
.o.",2025-09-07T13:46:39.388512,random,None
tic_tac_toe,3,3,8,None,".ox
.x.
...",2025-09-07T13:52:54.254590,random,None
tic_tac_toe,3,5,3,None,"xox
.x.
.o.",2025-09-07T13:46:42.091035,random,None
tic_tac_toe,3,5,3,None,"xox
.x.
..o",2025-09-07T13:52:58.031411,random,None
tic_tac_toe,3,7,6,None,"xox
oxx
.o.",2025-09-07T13:46:43.805549,random,None
tic_tac_toe,3,7,7,None,"xox
oxx
..o",2025-09-07T13:52:59.900394,random,None
tic_tac_toe,4,1,3,None,"...
.x.
...",2025-09-07T13:46:48.892918,random,None
tic_tac_toe,4,1,0,None,"...
.x.
...",2025-09-07T13:53:03.205177,random,None
tic_tac_toe,4,3,2,None,"x..
ox.
...",2025-09-07T13:46:51.284130,random,None
tic_tac_toe,4,3,1,None,"o..
xx.
...",2025-09-07T13:53:05.536006,random,None
tic_tac_toe,4,5,1,None,"x.o
oxx
...",2025-09-07T13:46:53.447711,random,None
tic_tac_toe,4,5,2,None,"oo.
xx.
..x",2025-09-07T13:53:07.384107,random,None
tic_tac_toe,4,7,7,None,"xoo
oxx
x..",2025-09-07T13:46:55.164012,random,None
tic_tac_toe,5,1,7,None,"...
.x.
...",2025-09-07T13:47:00.260618,random,None
tic_tac_toe,5,1,3,None,"...
.x.
...",2025-09-07T13:53:09.092944,random,None
tic_tac_toe,5,3,2,None,"x..
.x.
.o.",2025-09-07T13:47:03.731706,random,None
tic_tac_toe,5,3,2,None,"x..
ox.
...",2025-09-07T13:53:11.668633,random,None
tic_tac_toe,5,5,8,None,"xxo
.x.
.o.",2025-09-07T13:47:07.367116,random,None
tic_tac_toe,5,5,1,None,"x.o
oxx
...",2025-09-07T13:53:14.488976,random,None
tic_tac_toe,5,7,6,None,"xxo
xx.
.oo",2025-09-07T13:47:09.691471,random,None
tic_tac_toe,5,7,7,None,"xoo
oxx
x..",2025-09-07T13:53:17.186516,random,None
tic_tac_toe,6,1,0,None,"...
.x.
...",2025-09-07T13:47:12.002147,random,None
tic_tac_toe,6,1,7,None,"...
.x.
...",2025-09-07T13:53:19.969109,random,None
tic_tac_toe,6,3,2,None,"o..
xx.
...",2025-09-07T13:47:14.761791,random,None
tic_tac_toe,6,3,1,None,"...
xx.
.o.",2025-09-07T13:53:22.224553,random,None
tic_tac_toe,6,5,8,None,"oxo
xx.
...",2025-09-07T13:47:16.758163,random,None
tic_tac_toe,7,1,6,None,"...
.x.
...",2025-09-07T13:47:19.927719,random,None
tic_tac_toe,7,1,8,None,"...
.x.
...",2025-09-07T13:53:26.024956,random,None
tic_tac_toe,7,3,3,None,"x..
.x.
o..",2025-09-07T13:47:22.851024,random,None
tic_tac_toe,7,3,6,None,"...
xx.
..o",2025-09-07T13:53:28.554411,random,None
tic_tac_toe,7,5,5,None,"xx.
ox.
o..",2025-09-07T13:47:27.412354,random,None
tic_tac_toe,7,5,5,None,"..x
xx.
o.o",2025-09-07T13:53:30.017807,random,None
tic_tac_toe,7,7,0,None,".xx
xxo
o.o",2025-09-07T13:53:31.958564,random,None
tic_tac_toe,8,1,3,None,"...
.x.
...",2025-09-07T13:47:31.698741,random,None
tic_tac_toe,8,1,2,None,"...
.x.
...",2025-09-07T13:53:35.584930,random,None
tic_tac_toe,8,3,5,None,"x..
ox.
...",2025-09-07T13:47:34.305575,random,None
tic_tac_toe,8,3,8,None,"..o
.xx
...",2025-09-07T13:53:38.401677,random,None
tic_tac_toe,8,5,2,None,"xx.
oxo
...",2025-09-07T13:47:38.249854,random,None
tic_tac_toe,8,5,7,None,"x.o
.xx
..o",2025-09-07T13:53:40.346699,random,None
tic_tac_toe,8,7,7,None,"xxo
oxo
x..",2025-09-07T13:47:43.553897,random,None
tic_tac_toe,9,1,7,None,"...
.x.
...",2025-09-07T13:47:47.581571,random,None
tic_tac_toe,9,1,6,None,"...
.x.
...",2025-09-07T13:53:44.443943,random,None
tic_tac_toe,9,3,0,None,"...
.x.
xo.",2025-09-07T13:47:51.571462,random,None
tic_tac_toe,9,3,3,None,"x..
.x.
o..",2025-09-07T13:53:47.314694,random,None
tic_tac_toe,9,5,5,None,"o..
xx.
xo.",2025-09-07T13:47:54.067762,random,None
tic_tac_toe,9,5,5,None,"xx.
ox.
o..",2025-09-07T13:53:56.221037,random,None
tic_tac_toe,9,7,8,None,"ox.
xxo
xo.",2025-09-07T13:47:56.358888,random,None
tic_tac_toe,10,1,5,None,"...
.x.
...",2025-09-07T13:48:01.393714,random,None
tic_tac_toe,10,1,3,None,"...
.x.
...",2025-09-07T13:53:59.711453,random,None
tic_tac_toe,10,3,1,None,"x..
.xo
...",2025-09-07T13:48:03.485975,random,None
tic_tac_toe,10,3,5,None,"x..
ox.
...",2025-09-07T13:54:02.119122,random,None
tic_tac_toe,10,5,8,None,"xo.
xxo
...",2025-09-07T13:48:05.957157,random,None
tic_tac_toe,10,5,2,None,"xx.
oxo
...",2025-09-07T13:54:04.902916,random,None
tic_tac_toe,10,7,7,None,"xxo
oxo
x..",2025-09-07T13:54:06.572498,random,None
